,Number,Atom1,Atom2,Length,Atom1_Shift,Atom2_Shift,dipolar_coupling
0,1,H1,C1,2.149,0.3590932631539232,176.20047944079369,4.843044239908381e-52
1,2,H1,C2,1.1,0.3590932631539232,30.895690507735228,3.611184080735899e-51
2,3,H1,C3,2.191,0.3590932631539232,36.29366327012471,4.569835320408858e-52
3,4,H1,C4,2.846,0.3590932631539232,36.99257766062024,2.0850813101669618e-52
4,5,H1,C22,2.792,0.3590932631539232,18.374958866018886,2.2084188267945357e-52
5,6,H2,C1,2.171,0.9616102516548324,176.20047944079369,4.697299074284364e-52
6,7,H2,C2,1.095,0.9616102516548324,30.895690507735228,3.6608785821581126e-51
7,8,H2,C3,2.207,0.9616102516548324,36.29366327012471,4.471164858197125e-52
8,9,H2,C4,2.875,0.9616102516548324,36.99257766062024,2.0226192470348114e-52
9,10,H2,C5,2.799,0.9616102516548324,44.252653999393225,2.191891170974955e-52
10,11,H3,C1,2.707,0.027974903295262976,176.20047944079369,2.4230530096278114e-52
11,12,H3,C2,2.174,0.027974903295262976,30.895690507735228,4.6778798560773505e-52
12,13,H3,C3,1.0979999999999999,0.027974903295262976,36.29366327012471,3.6309532928850414e-51
13,14,H3,C4,2.1630000000000003,0.027974903295262976,36.99257766062024,4.749611903881632e-52
14,15,H3,C22,2.717,0.027974903295262976,18.374958866018886,2.396397001183073e-52
15,16,H4,C1,2.7239999999999998,0.4649940811268891,176.20047944079369,2.377970008960051e-52
16,17,H4,C2,2.168,0.4649940811268891,30.895690507735228,4.716825927709222e-52
17,18,H4,C3,1.101,0.4649940811268891,36.29366327012471,3.601353276482858e-51
18,19,H4,C4,2.182,0.4649940811268891,36.99257766062024,4.626615877860926e-52
19,20,H4,C5,2.821,0.4649940811268891,44.252653999393225,2.141008661450639e-52
20,21,H4,C6,2.633,0.4649940811268891,27.96658844091894,2.633147002172904e-52
21,22,H5,C3,2.123,-0.3840819562187825,36.29366327012471,5.023167963108233e-52
22,23,H5,C4,1.103,-0.3840819562187825,36.99257766062024,3.5817984598861806e-51
23,24,H5,C5,2.146,-0.3840819562187825,44.252653999393225,4.863383643236417e-52
24,25,H5,C6,2.758,-0.3840819562187825,27.96658844091894,2.291104493955157e-52
25,26,H5,C9,2.8819999999999997,-0.3840819562187825,47.192299420912654,2.0079169841967595e-52
26,27,H5,C22,2.158,-0.3840819562187825,18.374958866018886,4.782702439547784e-52
27,28,H5,C23,2.6639999999999997,-0.3840819562187825,9.015445518561565,2.5422896020853267e-52
28,29,H6,C2,2.7689999999999997,0.7036606601322966,30.895690507735228,2.263908215379188e-52
29,30,H6,C3,2.827,0.7036606601322966,36.29366327012471,2.1274053997853733e-52
30,31,H6,C4,2.156,0.7036606601322966,36.99257766062024,4.7960247228194395e-52
31,32,H6,C5,1.1,0.7036606601322966,44.252653999393225,3.611184080735899e-51
32,33,H6,C6,2.1719999999999997,0.7036606601322966,27.96658844091894,4.690814078779572e-52
33,34,H6,C7,2.975,0.7036606601322966,21.85340202763643,1.8254366782802507e-52
34,35,H6,C8,2.662,0.7036606601322966,50.06893668350799,2.548024087750789e-52
35,36,H6,C9,2.134,0.7036606601322966,47.192299420912654,4.9458898213488025e-52
36,37,H6,C10,2.72,0.7036606601322966,75.89640993092077,2.388476488686088e-52
37,38,H6,C22,2.8089999999999997,0.7036606601322966,18.374958866018886,2.168565104802703e-52
38,39,H7,C3,2.866,-0.3987796818733962,36.29366327012471,2.041733828793893e-52
39,40,H7,C4,2.576,-0.3987796818733962,36.99257766062024,2.811836775169166e-52
40,41,H7,C5,2.189,-0.3987796818733962,44.252653999393225,4.582372584540718e-52
41,42,H7,C6,1.101,-0.3987796818733962,27.96658844091894,3.601353276482858e-51
42,43,H7,C7,2.177,-0.3987796818733962,21.85340202763643,4.6585675324802984e-52
43,44,H8,C3,2.987,0.22206616721910774,36.29366327012471,1.8035243692585917e-52
44,45,H8,C5,2.1959999999999997,0.22206616721910774,44.252653999393225,4.538691616106302e-52
45,46,H8,C6,1.099,0.22206616721910774,27.96658844091894,3.621050698458778e-51
46,47,H8,C7,2.188,0.22206616721910774,21.85340202763643,4.588658417114479e-52
47,48,H9,C6,2.1790000000000003,-0.5005663779971172,27.96658844091894,4.645751673010515e-52
48,49,H9,C7,1.102,-0.5005663779971172,21.85340202763643,3.591558123354048e-51
49,50,H9,C8,2.162,-0.5005663779971172,50.06893668350799,4.756205533534075e-52
50,51,H9,C9,2.8539999999999996,-0.5005663779971172,47.192299420912654,2.067596443052209e-52
51,52,H9,C13,2.819,-0.5005663779971172,35.97739032165237,2.1455688487621303e-52
52,53,H9,C23,2.843,-0.5005663779971172,9.015445518561565,2.0916889572985715e-52
53,54,H10,C6,2.19,0.12096583934266293,27.96658844091894,4.576098227697641e-52
54,55,H10,C7,1.0959999999999999,0.12096583934266293,21.85340202763643,3.650867069255682e-51
55,56,H10,C8,2.1790000000000003,0.12096583934266293,50.06893668350799,4.645751673010515e-52
56,57,H10,C14,2.96,0.12096583934266293,32.267535741991225,1.8533291199202024e-52
57,58,H11,C5,2.546,-0.2610497304588648,44.252653999393225,2.9124098067409194e-52
58,59,H11,C6,2.719,-0.2610497304588648,27.96658844091894,2.391112775963422e-52
59,60,H11,C7,2.109,-0.2610497304588648,21.85340202763643,5.1238681235205635e-52
60,61,H11,C8,1.105,-0.2610497304588648,50.06893668350799,3.562384960458159e-51
61,62,H11,C9,2.129,-0.2610497304588648,47.192299420912654,4.980818293197655e-52
62,63,H11,C10,2.637,-0.2610497304588648,75.89640993092077,2.6211827024403207e-52
63,64,H11,C12,2.65,-0.2610497304588648,34.52176229516286,2.5827957368616956e-52
64,65,H11,C13,2.113,-0.2610497304588648,35.97739032165237,5.094824065549074e-52
65,66,H11,C14,2.7119999999999997,-0.2610497304588648,32.267535741991225,2.4096758609863057e-52
66,67,H12,C9,2.173,2.565241506042629,47.192299420912654,4.684341015187126e-52
67,68,H12,C10,1.102,2.565241506042629,75.89640993092077,3.591558123354048e-51
68,69,H12,C11,2.138,2.565241506042629,30.337059960475532,4.918181819719868e-52
69,70,H12,C22,2.7969999999999997,2.565241506042629,18.374958866018886,2.1965964813654383e-52
70,71,H12,C23,2.687,2.565241506042629,9.015445518561565,2.477562867492142e-52
71,72,H13,C9,2.818,0.297733218386508,47.192299420912654,2.1478537994209237e-52
72,73,H13,C10,2.142,0.297733218386508,75.89640993092077,4.890680400913738e-52
73,74,H13,C11,1.101,0.297733218386508,30.337059960475532,3.601353276482858e-51
74,75,H13,C12,2.1719999999999997,0.297733218386508,34.52176229516286,4.690814078779572e-52
75,76,H13,C13,2.853,0.297733218386508,35.97739032165237,2.0697713339431733e-52
76,77,H13,C17,2.863,0.297733218386508,36.98308857630865,2.0481588606125066e-52
77,78,H13,C23,2.742,0.297733218386508,9.015445518561565,2.331445841023558e-52
78,79,H13,C24,2.8110000000000004,0.297733218386508,23.75704150579216,2.1639396564417686e-52
79,80,H14,C10,2.119,-0.32441102248346354,75.89640993092077,5.051668139102482e-52
80,81,H14,C11,1.1,-0.32441102248346354,30.337059960475532,3.611184080735899e-51
81,82,H14,C12,2.174,-0.32441102248346354,34.52176229516286,4.6778798560773505e-52
82,83,H14,C17,2.8289999999999997,-0.32441102248346354,36.98308857630865,2.1228965943642758e-52
83,84,H14,C18,2.698,-0.32441102248346354,37.581422509053056,2.447382479736077e-52
84,85,H15,C8,2.67,0.8866246998581566,50.06893668350799,2.5251890568865477e-52
85,86,H15,C10,2.7460000000000004,0.8866246998581566,75.89640993092077,2.3212722735526866e-52
86,87,H15,C11,2.12,0.8866246998581566,30.337059960475532,5.0445229235579984e-52
87,88,H15,C12,1.1,0.8866246998581566,34.52176229516286,3.611184080735899e-51
88,89,H15,C13,2.12,0.8866246998581566,35.97739032165237,5.0445229235579984e-52
89,90,H15,C14,2.6919999999999997,0.8866246998581566,32.267535741991225,2.463783350391073e-52
90,91,H15,C16,2.705,0.8866246998581566,44.983393822365635,2.4284315937037867e-52
91,92,H15,C17,2.145,0.8866246998581566,36.98308857630865,4.870188749959911e-52
92,93,H15,C18,2.784,0.8866246998581566,37.581422509053056,2.2275116796952245e-52
93,94,H15,C19,2.782,0.8866246998581566,30.85524495536228,2.232319257202978e-52
94,95,H15,C21,2.676,0.8866246998581566,34.929953484628555,2.5082415360596536e-52
95,96,H16,C7,2.91,-0.1608873574148042,21.85340202763643,1.9505124006563713e-52
96,97,H16,C8,2.1519999999999997,-0.1608873574148042,50.06893668350799,4.822818095255365e-52
97,98,H16,C9,2.8689999999999998,-0.1608873574148042,47.192299420912654,2.0353356424876665e-52
98,99,H16,C11,2.84,-0.1608873574148042,30.337059960475532,2.0983245535637194e-52
99,100,H16,C12,2.18,-0.1608873574148042,34.52176229516286,4.639361368992009e-52
100,101,H16,C13,1.103,-0.1608873574148042,35.97739032165237,3.5817984598861806e-51
101,102,H16,C14,2.154,-0.1608873574148042,32.267535741991225,4.809396531272141e-52
102,103,H16,C15,2.818,-0.1608873574148042,28.05250721616693,2.1478537994209237e-52
103,104,H16,C17,2.8510000000000004,-0.1608873574148042,36.98308857630865,2.0741302753008344e-52
104,105,H16,C23,2.8169999999999997,-0.1608873574148042,9.015445518561565,2.1501419957479266e-52
105,106,H16,C24,2.792,-0.1608873574148042,23.75704150579216,2.2084188267945357e-52
106,107,H17,C7,2.8089999999999997,0.10622881014003838,21.85340202763643,2.168565104802703e-52
107,108,H17,C8,2.778,0.10622881014003838,50.06893668350799,2.241975996220356e-52
108,109,H17,C13,2.173,0.10622881014003838,35.97739032165237,4.684341015187126e-52
109,110,H17,C14,1.1,0.10622881014003838,32.267535741991225,3.611184080735899e-51
110,111,H17,C15,2.165,0.10622881014003838,28.05250721616693,4.736461163125833e-52
111,112,H18,C8,2.662,-0.3923808359142704,50.06893668350799,2.548024087750789e-52
112,113,H18,C12,2.81,-0.3923808359142704,34.52176229516286,2.166250734555377e-52
113,114,H18,C13,2.153,-0.3923808359142704,35.97739032165237,4.816101079375423e-52
114,115,H18,C14,1.103,-0.3923808359142704,32.267535741991225,3.5817984598861806e-51
115,116,H18,C15,2.1719999999999997,-0.3923808359142704,28.05250721616693,4.690814078779572e-52
116,117,H18,C16,2.858,-0.3923808359142704,44.983393822365635,2.0589272868890944e-52
117,118,H18,C21,2.842,-0.3923808359142704,34.929953484628555,2.093897709975046e-52
118,119,H19,C13,2.839,0.7573559466767144,35.97739032165237,2.100542655445297e-52
119,120,H19,C14,2.158,0.7573559466767144,32.267535741991225,4.782702439547784e-52
120,121,H19,C15,1.102,0.7573559466767144,28.05250721616693,3.591558123354048e-51
121,122,H19,C16,2.17,0.7573559466767144,44.983393822365635,4.703796029207055e-52
122,123,H19,C17,2.8480000000000003,0.7573559466767144,36.98308857630865,2.080691666746117e-52
123,124,H19,C24,2.7739999999999996,0.7573559466767144,23.75704150579216,2.2516885141390204e-52
124,125,H20,C14,2.17,-0.13468479143319811,32.267535741991225,4.703796029207055e-52
125,126,H20,C15,1.103,-0.13468479143319811,28.05250721616693,3.5817984598861806e-51
126,127,H20,C16,2.165,-0.13468479143319811,44.983393822365635,4.736461163125833e-52
127,128,H20,C21,2.7,-0.13468479143319811,34.929953484628555,2.4419478796217455e-52
128,129,H21,C15,2.153,0.4077467558578398,28.05250721616693,4.816101079375423e-52
129,130,H21,C16,1.104,0.4077467558578398,44.983393822365635,3.5720741254926804e-51
130,131,H21,C17,2.1630000000000003,0.4077467558578398,36.98308857630865,4.749611903881632e-52
131,132,H21,C18,2.763,0.4077467558578398,37.581422509053056,2.2786888536194443e-52
132,133,H21,C20,2.793,0.4077467558578398,76.17709371178096,2.206047582730725e-52
133,134,H21,C21,2.15,0.4077467558578398,34.929953484628555,4.836289646405457e-52
134,135,H21,C24,2.645,0.4077467558578398,23.75704150579216,2.597470677646004e-52
135,136,H22,C16,2.7689999999999997,-0.5292209021643153,44.983393822365635,2.263908215379188e-52
136,137,H22,C17,2.1630000000000003,-0.5292209021643153,36.98308857630865,4.749611903881632e-52
137,138,H22,C18,1.105,-0.5292209021643153,37.581422509053056,3.562384960458159e-51
138,139,H22,C19,2.1630000000000003,-0.5292209021643153,30.85524495536228,4.749611903881632e-52
139,140,H22,C20,2.7569999999999997,-0.5292209021643153,76.17709371178096,2.293598439121674e-52
140,141,H22,C24,2.594,-0.5292209021643153,23.75704150579216,2.7537072465957283e-52
141,142,H23,C11,2.73,0.7309833812647106,30.337059960475532,2.362325519750963e-52
142,143,H23,C12,2.827,0.7309833812647106,34.52176229516286,2.1274053997853733e-52
143,144,H23,C17,2.19,0.7309833812647106,36.98308857630865,4.576098227697641e-52
144,145,H23,C18,1.097,0.7309833812647106,37.581422509053056,3.6408920281418455e-51
145,146,H23,C19,2.181,0.7309833812647106,30.85524495536228,4.6329827795526035e-52
146,147,H23,C24,2.715,0.7309833812647106,23.75704150579216,2.401696808335141e-52
147,148,H24,C18,2.182,0.3745962824113782,37.581422509053056,4.626615877860926e-52
148,149,H24,C19,1.101,0.3745962824113782,30.85524495536228,3.601353276482858e-51
149,150,H24,C20,2.173,0.3745962824113782,76.17709371178096,4.684341015187126e-52
150,151,H25,C12,2.8680000000000003,0.20525574869995467,34.52176229516286,2.0374653970856732e-52
151,152,H25,C17,2.885,0.20525574869995467,36.98308857630865,2.00165962968241e-52
152,153,H25,C18,2.19,0.20525574869995467,37.581422509053056,4.576098227697641e-52
153,154,H25,C19,1.1,0.20525574869995467,30.85524495536228,3.611184080735899e-51
154,155,H25,C20,2.15,0.20525574869995467,76.17709371178096,4.836289646405457e-52
155,156,H25,C21,2.784,0.20525574869995467,34.929953484628555,2.2275116796952245e-52
156,157,H26,C16,2.8089999999999997,2.6490076536505285,44.983393822365635,2.168565104802703e-52
157,158,H26,C18,2.7560000000000002,2.6490076536505285,37.581422509053056,2.2960960052608084e-52
158,159,H26,C19,2.16,2.6490076536505285,30.85524495536228,4.7694294523862225e-52
159,160,H26,C20,1.112,2.6490076536505285,76.17709371178096,3.4955323115943846e-51
160,161,H26,C21,2.166,2.6490076536505285,34.929953484628555,4.729903995857398e-52
161,162,H27,C15,2.738,0.012161020841773508,28.05250721616693,2.3416789464571295e-52
162,163,H27,C16,2.165,0.012161020841773508,44.983393822365635,4.736461163125833e-52
163,164,H27,C20,2.167,0.012161020841773508,76.17709371178096,4.723358926681407e-52
164,165,H27,C21,1.103,0.012161020841773508,34.929953484628555,3.5817984598861806e-51
165,166,H28,C12,2.82,0.7206149337625051,34.52176229516286,2.1432871380188556e-52
166,167,H28,C14,2.801,0.7206149337625051,32.267535741991225,2.187199289934144e-52
167,168,H28,C15,2.785,0.7206149337625051,28.05250721616693,2.225113067180935e-52
168,169,H28,C16,2.1919999999999997,0.7206149337625051,44.983393822365635,4.563583836569602e-52
169,170,H28,C17,2.865,0.7206149337625051,36.98308857630865,2.043872516289986e-52
170,171,H28,C19,2.78,0.7206149337625051,30.85524495536228,2.237140679420407e-52
171,172,H28,C20,2.138,0.7206149337625051,76.17709371178096,4.918181819719868e-52
172,173,H28,C21,1.099,0.7206149337625051,34.929953484628555,3.621050698458778e-51
173,174,H29,C4,2.204,-0.6185182580968949,36.99257766062024,4.48944765419256e-52
174,175,H29,C5,2.983,-0.6185182580968949,44.252653999393225,1.810789312686049e-52
175,176,H29,C22,1.0979999999999999,-0.6185182580968949,18.374958866018886,3.6309532928850414e-51
176,177,H30,C3,2.635,-1.0049838270545592,36.29366327012471,2.627155771248557e-52
177,178,H30,C4,2.201,-1.0049838270545592,36.99257766062024,4.507830265116242e-52
178,179,H30,C22,1.1,-1.0049838270545592,18.374958866018886,3.611184080735899e-51
179,180,H31,C3,2.9989999999999997,-0.2669395626011521,36.29366327012471,1.7819613716948228e-52
180,181,H31,C4,2.211,-0.2669395626011521,36.99257766062024,4.446941895970385e-52
181,182,H31,C5,2.747,-0.2669395626011521,44.252653999393225,2.318738133739901e-52
182,183,H31,C22,1.0959999999999999,-0.2669395626011521,18.374958866018886,3.650867069255682e-51
183,184,H32,C4,2.853,-2.761875292203825,36.99257766062024,2.0697713339431733e-52
184,185,H32,C5,2.8960000000000004,-2.761875292203825,44.252653999393225,1.9789371894851306e-52
185,186,H32,C9,2.178,-2.761875292203825,47.192299420912654,4.652153718513443e-52
186,187,H32,C10,2.735,-2.761875292203825,75.89640993092077,2.3493931095626135e-52
187,188,H32,C23,1.099,-2.761875292203825,9.015445518561565,3.621050698458778e-51
188,189,H33,C5,2.6889999999999996,-1.4296747289994265,44.252653999393225,2.47203876057104e-52
189,190,H33,C6,2.698,-1.4296747289994265,27.96658844091894,2.447382479736077e-52
190,191,H33,C7,2.685,-1.4296747289994265,21.85340202763643,2.483103445838864e-52
191,192,H33,C8,2.858,-1.4296747289994265,50.06893668350799,2.0589272868890944e-52
192,193,H33,C9,2.186,-1.4296747289994265,47.192299420912654,4.601264614519067e-52
193,194,H33,C23,1.0979999999999999,-1.4296747289994265,9.015445518561565,3.6309532928850414e-51
194,195,H34,C8,2.818,-1.2717495622506654,50.06893668350799,2.1478537994209237e-52
195,196,H34,C9,2.2030000000000003,-1.2717495622506654,47.192299420912654,4.49556406704999e-52
196,197,H34,C10,2.802,-1.2717495622506654,75.89640993092077,2.18485837045047e-52
197,198,H34,C11,2.758,-1.2717495622506654,30.337059960475532,2.291104493955157e-52
198,199,H34,C13,2.813,-1.2717495622506654,35.97739032165237,2.159327353221618e-52
199,200,H34,C23,1.097,-1.2717495622506654,9.015445518561565,3.6408920281418455e-51
200,201,H35,C11,2.888,-0.4036044688734677,30.337059960475532,1.9954282482523395e-52
201,202,H35,C12,2.8810000000000002,-0.4036044688734677,34.52176229516286,2.0100085642206053e-52
202,203,H35,C17,2.18,-0.4036044688734677,36.98308857630865,4.639361368992009e-52
203,204,H35,C18,2.655,-0.4036044688734677,37.581422509053056,2.5682311336519178e-52
204,205,H35,C24,1.099,-0.4036044688734677,23.75704150579216,3.621050698458778e-51
205,206,H36,C12,2.7880000000000003,0.4242452136858255,34.52176229516286,2.217937860389571e-52
206,207,H36,C13,2.759,0.4242452136858255,35.97739032165237,2.2886141632015308e-52
207,208,H36,C15,2.835,0.4242452136858255,28.05250721616693,2.1094463920714793e-52
208,209,H36,C16,2.87,0.4242452136858255,44.983393822365635,2.0332088551545586e-52
209,210,H36,C17,2.204,0.4242452136858255,36.98308857630865,4.48944765419256e-52
210,211,H36,C24,1.0959999999999999,0.4242452136858255,23.75704150579216,3.650867069255682e-51
211,212,H37,C16,2.694,-1.2919024096451714,44.983393822365635,2.458300155037672e-52
212,213,H37,C17,2.167,-1.2919024096451714,36.98308857630865,4.723358926681407e-52
213,214,H37,C18,2.7319999999999998,-1.2919024096451714,37.581422509053056,2.3571411934684815e-52
214,215,H37,C24,1.1,-1.2919024096451714,23.75704150579216,3.611184080735899e-51
215,216,H79,C1,1.93,12.545771796407507,176.20047944079369,6.685836558897062e-52
216,217,H81,C20,1.984,5.983718658021483,76.17709371178096,6.154640342781142e-52
217,218,H81,C21,2.5469999999999997,5.983718658021483,34.929953484628555,2.9089807531606584e-52
218,219,H83,C10,2.013,7.420295270605255,75.89640993092077,5.892456132706001e-52
219,220,H83,C11,2.96,7.420295270605255,30.337059960475532,1.8533291199202024e-52
220,221,H38,C25,2.105,0.4031437056738021,180.9961576403191,5.153133363562116e-52
221,222,H38,C26,1.102,0.4031437056738021,25.70360761420648,3.591558123354048e-51
222,223,H38,C27,2.171,0.4031437056738021,33.75664979191228,4.697299074284364e-52
223,224,H38,C28,2.8369999999999997,0.4031437056738021,35.51415722724417,2.1049882468934335e-52
224,225,H38,C54,2.798,0.4031437056738021,18.37719585752811,2.1942421445011867e-52
225,226,H39,C25,2.123,0.9429330653925624,180.9961576403191,5.023167963108233e-52
226,227,H39,C26,1.0959999999999999,0.9429330653925624,25.70360761420648,3.650867069255682e-51
227,228,H39,C27,2.193,0.9429330653925624,33.75664979191228,4.557343750146489e-52
228,229,H39,C28,2.8989999999999996,0.9429330653925624,35.51415722724417,1.9727998972740482e-52
229,230,H39,C29,2.83,0.9429330653925624,44.41264705760682,2.120646969054119e-52
230,231,H40,C25,2.678,-0.2028069952445435,180.9961576403191,2.5026260720213822e-52
231,232,H40,C26,2.1519999999999997,-0.2028069952445435,25.70360761420648,4.822818095255365e-52
232,233,H40,C27,1.101,-0.2028069952445435,33.75664979191228,3.601353276482858e-51
233,234,H40,C28,2.145,-0.2028069952445435,35.51415722724417,4.870188749959911e-52
234,235,H40,C54,2.7089999999999996,-0.2028069952445435,18.37719585752811,2.417690297426813e-52
235,236,H41,C25,2.725,0.3343225103695353,180.9961576403191,2.3753530209239085e-52
236,237,H41,C26,2.1519999999999997,0.3343225103695353,25.70360761420648,4.822818095255365e-52
237,238,H41,C27,1.1,0.3343225103695353,33.75664979191228,3.611184080735899e-51
238,239,H41,C28,2.164,0.3343225103695353,35.51415722724417,4.743030456452709e-52
239,240,H41,C29,2.773,0.3343225103695353,44.41264705760682,2.254125406259027e-52
240,241,H41,C30,2.605,0.3343225103695353,26.68474328518209,2.7189705259523997e-52
241,242,H42,C27,2.109,-0.5525518899835298,33.75664979191228,5.1238681235205635e-52
242,243,H42,C28,1.104,-0.5525518899835298,35.51415722724417,3.5720741254926804e-51
243,244,H42,C29,2.142,-0.5525518899835298,44.41264705760682,4.890680400913738e-52
244,245,H42,C30,2.784,-0.5525518899835298,26.68474328518209,2.2275116796952245e-52
245,246,H42,C33,2.9019999999999997,-0.5525518899835298,48.32388765795586,1.966687957021981e-52
246,247,H42,C46,2.674,-0.5525518899835298,12.088066254923007,2.5138738128566703e-52
247,248,H42,C54,2.146,-0.5525518899835298,18.37719585752811,4.863383643236417e-52
248,249,H43,C26,2.7769999999999997,0.5755162239134144,25.70360761420648,2.2443988807330052e-52
249,250,H43,C27,2.782,0.5755162239134144,33.75664979191228,2.232319257202978e-52
250,251,H43,C28,2.146,0.5755162239134144,35.51415722724417,4.863383643236417e-52
251,252,H43,C29,1.102,0.5755162239134144,44.41264705760682,3.591558123354048e-51
252,253,H43,C30,2.173,0.5755162239134144,26.68474328518209,4.684341015187126e-52
253,254,H43,C31,2.99,0.5755162239134144,23.632800264467765,1.7981011455916548e-52
254,255,H43,C32,2.668,0.5755162239134144,49.31830034350787,2.530872150908751e-52
255,256,H43,C33,2.135,0.5755162239134144,48.32388765795586,4.938943347896341e-52
256,257,H43,C34,2.716,0.5755162239134144,75.63557190831783,2.3990449534312148e-52
257,258,H43,C54,2.8080000000000003,0.5755162239134144,18.37719585752811,2.170882773047893e-52
258,259,H44,C27,2.984,0.13391690096534606,33.75664979191228,1.808969424065814e-52
259,260,H44,C29,2.2030000000000003,0.13391690096534606,44.41264705760682,4.49556406704999e-52
260,261,H44,C30,1.099,0.13391690096534606,26.68474328518209,3.621050698458778e-51
261,262,H44,C31,2.195,0.13391690096534606,23.632800264467765,4.5448976657707695e-52
262,263,H45,C27,2.875,-1.486045342922008,33.75664979191228,2.0226192470348114e-52
263,264,H45,C28,2.616,-1.486045342922008,35.51415722724417,2.684815607055561e-52
264,265,H45,C29,2.2,-1.486045342922008,44.41264705760682,4.513980100919874e-52
265,266,H45,C30,1.1,-1.486045342922008,26.68474328518209,3.611184080735899e-51
266,267,H45,C31,2.185,-1.486045342922008,23.632800264467765,4.607585032062826e-52
267,268,H46,C30,2.201,0.16750895733977697,26.68474328518209,4.507830265116242e-52
268,269,H46,C31,1.0959999999999999,0.16750895733977697,23.632800264467765,3.650867069255682e-51
269,270,H46,C32,2.193,0.16750895733977697,49.31830034350787,4.557343750146489e-52
270,271,H46,C38,2.968,0.16750895733977697,31.190186320075327,1.838382989634839e-52
271,272,H47,C30,2.184,-0.7982191118388045,26.68474328518209,4.613917030763598e-52
272,273,H47,C31,1.101,-0.7982191118388045,23.632800264467765,3.601353276482858e-51
273,274,H47,C32,2.1719999999999997,-0.7982191118388045,49.31830034350787,4.690814078779572e-52
274,275,H47,C33,2.858,-0.7982191118388045,48.32388765795586,2.0589272868890944e-52
275,276,H47,C37,2.825,-0.7982191118388045,36.32704045883975,2.131926982545579e-52
276,277,H47,C46,2.861,-0.7982191118388045,12.088066254923007,2.0524571988981657e-52
277,278,H48,C29,2.5639999999999996,-0.31010003729278424,44.41264705760682,2.8515016036430637e-52
278,279,H48,C30,2.727,-0.31010003729278424,26.68474328518209,2.3701305537136682e-52
279,280,H48,C31,2.115,-0.31010003729278424,23.632800264467765,5.080384327155803e-52
280,281,H48,C32,1.1059999999999999,-0.31010003729278424,49.31830034350787,3.552730805932883e-51
281,282,H48,C33,2.119,-0.31010003729278424,48.32388765795586,5.051668139102482e-52
282,283,H48,C34,2.625,-0.31010003729278424,75.63557190831783,2.6572949334491473e-52
283,284,H48,C36,2.642,-0.31010003729278424,35.107283518940314,2.6063290391438567e-52
284,285,H48,C37,2.115,-0.31010003729278424,36.32704045883975,5.080384327155803e-52
285,286,H48,C38,2.7319999999999998,-0.31010003729278424,31.190186320075327,2.3571411934684815e-52
286,287,H49,C33,2.162,2.883798535910774,48.32388765795586,4.756205533534075e-52
287,288,H49,C34,1.102,2.883798535910774,75.63557190831783,3.591558123354048e-51
288,289,H49,C35,2.157,2.883798535910774,33.58194117883383,4.789357404882784e-52
289,290,H49,C46,2.673,2.883798535910774,12.088066254923007,2.516696275706505e-52
290,291,H49,C54,2.7880000000000003,2.883798535910774,18.37719585752811,2.217937860389571e-52
291,292,H50,C34,2.149,-0.3080044457454001,75.63557190831783,4.843044239908381e-52
292,293,H50,C35,1.099,-0.3080044457454001,33.58194117883383,3.621050698458778e-51
293,294,H50,C36,2.19,-0.3080044457454001,35.107283518940314,4.576098227697641e-52
294,295,H50,C41,2.8310000000000004,-0.3080044457454001,37.14992415832947,2.1184005211805108e-52
295,296,H50,C42,2.728,-0.3080044457454001,35.33169154786603,2.3675250604838048e-52
296,297,H51,C33,2.81,0.37961666610679856,48.32388765795586,2.166250734555377e-52
297,298,H51,C34,2.175,0.37961666610679856,75.63557190831783,4.6714305740962e-52
298,299,H51,C35,1.1,0.37961666610679856,33.58194117883383,3.611184080735899e-51
299,300,H51,C36,2.182,0.37961666610679856,35.107283518940314,4.626615877860926e-52
300,301,H51,C37,2.8169999999999997,0.37961666610679856,36.32704045883975,2.1501419957479266e-52
301,302,H51,C41,2.875,0.37961666610679856,37.14992415832947,2.0226192470348114e-52
302,303,H51,C46,2.715,0.37961666610679856,12.088066254923007,2.401696808335141e-52
303,304,H51,C47,2.7710000000000004,0.37961666610679856,24.240750766997195,2.2590097499711283e-52
304,305,H52,C32,2.6639999999999997,0.8353932332402216,49.31830034350787,2.5422896020853267e-52
305,306,H52,C34,2.745,0.8353932332402216,75.63557190831783,2.3238101074464255e-52
306,307,H52,C35,2.135,0.8353932332402216,33.58194117883383,4.938943347896341e-52
307,308,H52,C36,1.099,0.8353932332402216,35.107283518940314,3.621050698458778e-51
308,309,H52,C37,2.117,0.8353932332402216,36.32704045883975,5.065999104015592e-52
309,310,H52,C38,2.702,0.8353932332402216,31.190186320075327,2.4365293581986377e-52
310,311,H52,C40,2.7060000000000004,0.8353932332402216,45.248482761166365,2.4257403140148503e-52
311,312,H52,C41,2.161,0.8353932332402216,37.14992415832947,4.76281137360962e-52
312,313,H52,C42,2.784,0.8353932332402216,35.33169154786603,2.2275116796952245e-52
313,314,H52,C43,2.747,0.8353932332402216,28.49663977651184,2.318738133739901e-52
314,315,H52,C45,2.6889999999999996,0.8353932332402216,34.840112576036766,2.47203876057104e-52
315,316,H53,C31,2.9139999999999997,-0.13977950046422905,23.632800264467765,1.9424911122993225e-52
316,317,H53,C32,2.151,-0.13977950046422905,49.31830034350787,4.829547607906783e-52
317,318,H53,C33,2.861,-0.13977950046422905,48.32388765795586,2.0524571988981657e-52
318,319,H53,C35,2.806,-0.13977950046422905,33.58194117883383,2.175528027051199e-52
319,320,H53,C36,2.167,-0.13977950046422905,35.107283518940314,4.723358926681407e-52
320,321,H53,C37,1.104,-0.13977950046422905,36.32704045883975,3.5720741254926804e-51
321,322,H53,C38,2.156,-0.13977950046422905,31.190186320075327,4.7960247228194395e-52
322,323,H53,C39,2.839,-0.13977950046422905,29.564140444593164,2.100542655445297e-52
323,324,H53,C41,2.8569999999999998,-0.13977950046422905,37.14992415832947,2.061090025459155e-52
324,325,H53,C46,2.823,-0.13977950046422905,12.088066254923007,2.136461387938523e-52
325,326,H53,C47,2.785,-0.13977950046422905,24.240750766997195,2.225113067180935e-52
326,327,H54,C32,2.6860000000000004,-0.344674962305465,49.31830034350787,2.4803310939038837e-52
327,328,H54,C36,2.795,-0.344674962305465,35.107283518940314,2.2013152691877365e-52
328,329,H54,C37,2.157,-0.344674962305465,36.32704045883975,4.789357404882784e-52
329,330,H54,C38,1.103,-0.344674962305465,31.190186320075327,3.5817984598861806e-51
330,331,H54,C39,2.17,-0.344674962305465,29.564140444593164,4.703796029207055e-52
331,332,H54,C40,2.835,-0.344674962305465,45.248482761166365,2.1094463920714793e-52
332,333,H54,C45,2.8139999999999996,-0.344674962305465,34.840112576036766,2.1570261164491927e-52
333,334,H55,C31,2.799,0.12980800875616794,23.632800264467765,2.191891170974955e-52
334,335,H55,C32,2.786,0.12980800875616794,49.31830034350787,2.222717897238956e-52
335,336,H55,C37,2.174,0.12980800875616794,36.32704045883975,4.6778798560773505e-52
336,337,H55,C38,1.1,0.12980800875616794,31.190186320075327,3.611184080735899e-51
337,338,H55,C39,2.169,0.12980800875616794,29.564140444593164,4.7103049711293266e-52
338,339,H56,C38,2.173,-0.007088281001017548,31.190186320075327,4.684341015187126e-52
339,340,H56,C39,1.101,-0.007088281001017548,29.564140444593164,3.601353276482858e-51
340,341,H56,C40,2.1919999999999997,-0.007088281001017548,45.248482761166365,4.563583836569602e-52
341,342,H56,C45,2.705,-0.007088281001017548,34.840112576036766,2.4284315937037867e-52
342,343,H57,C37,2.8739999999999997,0.6325546905249304,36.32704045883975,2.0247312753157983e-52
343,344,H57,C38,2.17,0.6325546905249304,31.190186320075327,4.703796029207055e-52
344,345,H57,C39,1.101,0.6325546905249304,29.564140444593164,3.601353276482858e-51
345,346,H57,C40,2.193,0.6325546905249304,45.248482761166365,4.557343750146489e-52
346,347,H57,C41,2.863,0.6325546905249304,37.14992415832947,2.0481588606125066e-52
347,348,H57,C47,2.7969999999999997,0.6325546905249304,24.240750766997195,2.1965964813654383e-52
348,349,H58,C39,2.171,0.006947069328145261,29.564140444593164,4.697299074284364e-52
349,350,H58,C40,1.1079999999999999,0.006947069328145261,45.248482761166365,3.533526897306698e-51
350,351,H58,C41,2.1390000000000002,0.006947069328145261,37.14992415832947,4.911287173313422e-52
351,352,H58,C42,2.702,0.006947069328145261,35.33169154786603,2.4365293581986377e-52
352,353,H58,C44,2.762,0.006947069328145261,76.59305910111125,2.281164792034274e-52
353,354,H58,C45,2.14,0.006947069328145261,34.840112576036766,4.904405408074943e-52
354,355,H58,C47,2.667,0.006947069328145261,24.240750766997195,2.533720093797335e-52
355,356,H59,C40,2.719,-0.18464077843450968,45.248482761166365,2.391112775963422e-52
356,357,H59,C41,2.149,-0.18464077843450968,37.14992415832947,4.843044239908381e-52
357,358,H59,C42,1.104,-0.18464077843450968,35.33169154786603,3.5720741254926804e-51
358,359,H59,C43,2.147,-0.18464077843450968,28.49663977651184,4.856591208962632e-52
359,360,H59,C44,2.714,-0.18464077843450968,76.59305910111125,2.404352573087357e-52
360,361,H59,C47,2.62,-0.18464077843450968,24.240750766997195,2.6725375059658852e-52
361,362,H60,C35,2.761,0.5952012242196538,33.58194117883383,2.2836443187652557e-52
362,363,H60,C36,2.85,0.5952012242196538,35.107283518940314,2.0763143364854967e-52
363,364,H60,C41,2.176,0.5952012242196538,37.14992415832947,4.664993141965015e-52
364,365,H60,C42,1.099,0.5952012242196538,35.33169154786603,3.621050698458778e-51
365,366,H60,C43,2.1590000000000003,0.5952012242196538,28.49663977651184,4.7760597982204575e-52
366,367,H60,C47,2.701,0.5952012242196538,24.240750766997195,2.4392366127936404e-52
367,368,H61,C42,2.1630000000000003,0.3622624372250805,35.33169154786603,4.749611903881632e-52
368,369,H61,C43,1.101,0.3622624372250805,28.49663977651184,3.601353276482858e-51
369,370,H61,C44,2.157,0.3622624372250805,76.59305910111125,4.789357404882784e-52
370,371,H62,C36,2.8160000000000003,0.11349446766321235,35.107283518940314,2.1524334435080876e-52
371,372,H62,C41,2.843,0.11349446766321235,37.14992415832947,2.0916889572985715e-52
372,373,H62,C42,2.174,0.11349446766321235,35.33169154786603,4.6778798560773505e-52
373,374,H62,C43,1.1,0.11349446766321235,28.49663977651184,3.611184080735899e-51
374,375,H62,C44,2.141,0.11349446766321235,76.59305910111125,4.897536493936346e-52
375,376,H62,C45,2.761,0.11349446766321235,34.840112576036766,2.2836443187652557e-52
376,377,H63,C40,2.7969999999999997,2.5714429284100757,45.248482761166365,2.1965964813654383e-52
377,378,H63,C42,2.718,2.5714429284100757,35.33169154786603,2.3937529444140775e-52
378,379,H63,C43,2.146,2.5714429284100757,28.49663977651184,4.863383643236417e-52
379,380,H63,C44,1.111,2.5714429284100757,76.59305910111125,3.504979691115412e-51
380,381,H63,C45,2.161,2.5714429284100757,34.840112576036766,4.76281137360962e-52
381,382,H64,C39,2.736,0.0844172826406151,29.564140444593164,2.346817962064951e-52
382,383,H64,C40,2.162,0.0844172826406151,45.248482761166365,4.756205533534075e-52
383,384,H64,C44,2.166,0.0844172826406151,76.59305910111125,4.729903995857398e-52
384,385,H64,C45,1.103,0.0844172826406151,34.840112576036766,3.5817984598861806e-51
385,386,H65,C36,2.8280000000000003,0.7294616820487754,35.107283518940314,2.1251494027307817e-52
386,387,H65,C38,2.793,0.7294616820487754,31.190186320075327,2.206047582730725e-52
387,388,H65,C39,2.802,0.7294616820487754,29.564140444593164,2.18485837045047e-52
388,389,H65,C40,2.191,0.7294616820487754,45.248482761166365,4.569835320408858e-52
389,390,H65,C41,2.88,0.7294616820487754,37.14992415832947,2.012103050225438e-52
390,391,H65,C43,2.767,0.7294616820487754,28.49663977651184,2.2688208535562158e-52
391,392,H65,C44,2.131,0.7294616820487754,76.59305910111125,4.96680756079336e-52
392,393,H65,C45,1.099,0.7294616820487754,34.840112576036766,3.621050698458778e-51
393,394,H66,C28,2.952,-1.0457887470912226,35.51415722724417,1.868437707149171e-52
394,395,H66,C29,2.9589999999999996,-1.0457887470912226,44.41264705760682,1.8552087639149113e-52
395,396,H66,C33,2.193,-1.0457887470912226,48.32388765795586,4.557343750146489e-52
396,397,H66,C34,2.6710000000000003,-1.0457887470912226,75.63557190831783,2.5223538897971442e-52
397,398,H66,C46,1.0979999999999999,-1.0457887470912226,12.088066254923007,3.6309532928850414e-51
398,399,H67,C28,2.965,-1.6962960610959108,35.51415722724417,1.843968889570273e-52
399,400,H67,C29,2.641,-1.6962960610959108,44.41264705760682,2.609290776405198e-52
400,401,H67,C30,2.7089999999999996,-1.6962960610959108,26.68474328518209,2.417690297426813e-52
401,402,H67,C31,2.783,-1.6962960610959108,23.632800264467765,2.2299137409690476e-52
402,403,H67,C32,2.9410000000000003,-1.6962960610959108,49.31830034350787,1.8894813481807167e-52
403,404,H67,C33,2.205,-1.6962960610959108,48.32388765795586,4.4833423318370495e-52
404,405,H67,C46,1.0979999999999999,-1.6962960610959108,12.088066254923007,3.6309532928850414e-51
405,406,H68,C32,2.778,-0.8809386592298232,49.31830034350787,2.241975996220356e-52
406,407,H68,C33,2.222,-0.8809386592298232,48.32388765795586,4.381224613894265e-52
407,408,H68,C34,2.873,-0.8809386592298232,75.63557190831783,2.0268462451400534e-52
408,409,H68,C35,2.82,-0.8809386592298232,33.58194117883383,2.1432871380188556e-52
409,410,H68,C37,2.784,-0.8809386592298232,36.32704045883975,2.2275116796952245e-52
410,411,H68,C46,1.097,-0.8809386592298232,12.088066254923007,3.6408920281418455e-51
411,412,H69,C35,2.8080000000000003,-0.28721554385992576,33.58194117883383,2.170882773047893e-52
412,413,H69,C36,2.861,-0.28721554385992576,35.107283518940314,2.0524571988981657e-52
413,414,H69,C41,2.184,-0.28721554385992576,37.14992415832947,4.613917030763598e-52
414,415,H69,C42,2.679,-0.28721554385992576,35.33169154786603,2.4998246251860105e-52
415,416,H69,C47,1.0979999999999999,-0.28721554385992576,24.240750766997195,3.6309532928850414e-51
416,417,H70,C40,2.736,-1.2173564741852123,45.248482761166365,2.346817962064951e-52
417,418,H70,C41,2.174,-1.2173564741852123,37.14992415832947,4.6778798560773505e-52
418,419,H70,C42,2.721,-1.2173564741852123,35.33169154786603,2.385844075452812e-52
419,420,H70,C47,1.1,-1.2173564741852123,24.240750766997195,3.611184080735899e-51
420,421,H71,C36,2.7969999999999997,0.3885851005238692,35.107283518940314,2.1965964813654383e-52
421,422,H71,C37,2.767,0.3885851005238692,36.32704045883975,2.2688208535562158e-52
422,423,H71,C39,2.844,0.3885851005238692,29.564140444593164,2.0894833100736942e-52
423,424,H71,C40,2.8789999999999996,0.3885851005238692,45.248482761166365,2.0142004472598663e-52
424,425,H71,C41,2.215,0.3885851005238692,37.14992415832947,4.422893591851963e-52
425,426,H71,C47,1.095,0.3885851005238692,24.240750766997195,3.6608785821581126e-51
426,427,H76,C28,2.198,-0.034111684097410944,35.51415722724417,4.526313373073473e-52
427,428,H76,C29,2.906,-0.034111684097410944,44.41264705760682,1.9585779138277147e-52
428,429,H76,C33,2.991,-0.034111684097410944,48.32388765795586,1.796298236823321e-52
429,430,H76,C34,2.8569999999999998,-0.034111684097410944,75.63557190831783,2.061090025459155e-52
430,431,H76,C54,1.0959999999999999,-0.034111684097410944,18.37719585752811,3.650867069255682e-51
431,432,H77,C26,2.957,-0.15968052069827365,25.70360761420648,1.8589756841137513e-52
432,433,H77,C27,2.9019999999999997,-0.15968052069827365,33.75664979191228,1.966687957021981e-52
433,434,H77,C28,2.206,-0.15968052069827365,35.51415722724417,4.477248074857726e-52
434,435,H77,C29,2.822,-0.15968052069827365,44.41264705760682,2.138733413329224e-52
435,436,H77,C54,1.0959999999999999,-0.15968052069827365,18.37719585752811,3.650867069255682e-51
436,437,H78,C27,2.6910000000000003,-0.7949072391212582,33.75664979191228,2.4665310639117346e-52
437,438,H78,C28,2.186,-0.7949072391212582,35.51415722724417,4.601264614519067e-52
438,439,H78,C54,1.1,-0.7949072391212582,18.37719585752811,3.611184080735899e-51
439,440,H80,C34,2.002,7.644194235176852,75.63557190831783,5.990119180435389e-52
440,441,H80,C35,2.997,7.644194235176852,33.58194117883383,1.7855312431655515e-52
441,442,H82,C25,1.955,12.691409398827636,180.9961576403191,6.4326126063339965e-52
442,443,H84,C44,1.9980000000000002,6.028976105193377,76.59305910111125,6.026167945683734e-52
443,444,H84,C45,2.539,6.028976105193377,34.840112576036766,2.9365647418093216e-52
444,445,H72,C48,2.117,5.392318041943593,139.39088605399124,5.065999104015592e-52
445,446,H72,C49,1.095,5.392318041943593,120.32213485652771,3.6608785821581126e-51
446,447,H72,C50,2.01,5.392318041943593,118.13388651643106,5.918879663536584e-52
447,448,H73,C49,2.03,6.052558267937098,120.32213485652771,5.7456553161715294e-52
448,449,H73,C50,1.09,6.052558267937098,118.13388651643106,3.711489095193607e-51
449,450,H73,C51,2.193,6.052558267937098,142.9565773273577,4.557343750146489e-52
450,451,H74,C50,2.218,6.296276727226665,118.13388651643106,4.404971037232039e-52
451,452,H74,C51,1.088,6.296276727226665,142.9565773273577,3.731994513572012e-51
452,453,H74,C52,2.17,6.296276727226665,138.60598983815132,4.703796029207055e-52
453,454,H75,C51,2.193,6.41425807401896,142.9565773273577,4.557343750146489e-52
454,455,H75,C52,1.087,6.41425807401896,138.60598983815132,3.7423038848618804e-51
455,456,H75,C53,2.173,6.41425807401896,138.34762991454463,4.684341015187126e-52
456,457,H85,C55,2.149,0.359741630826349,176.199454258916,4.843044239908381e-52
457,458,H85,C56,1.1,0.359741630826349,30.89605925740225,3.611184080735899e-51
458,459,H85,C57,2.191,0.359741630826349,36.2962278679947,4.569835320408858e-52
459,460,H85,C58,2.846,0.359741630826349,36.99396908556807,2.0850813101669618e-52
460,461,H85,C76,2.792,0.359741630826349,18.375217460928496,2.2084188267945357e-52
461,462,H86,C55,2.171,0.962629415562528,176.199454258916,4.697299074284364e-52
462,463,H86,C56,1.095,0.962629415562528,30.89605925740225,3.6608785821581126e-51
463,464,H86,C57,2.207,0.962629415562528,36.2962278679947,4.471164858197125e-52
464,465,H86,C58,2.875,0.962629415562528,36.99396908556807,2.0226192470348114e-52
465,466,H86,C59,2.799,0.962629415562528,44.25013432078428,2.191891170974955e-52
466,467,H87,C55,2.707,0.029015050728276037,176.199454258916,2.4230530096278114e-52
467,468,H87,C56,2.174,0.029015050728276037,30.89605925740225,4.6778798560773505e-52
468,469,H87,C57,1.0979999999999999,0.029015050728276037,36.2962278679947,3.6309532928850414e-51
469,470,H87,C58,2.1630000000000003,0.029015050728276037,36.99396908556807,4.749611903881632e-52
470,471,H87,C76,2.717,0.029015050728276037,18.375217460928496,2.396397001183073e-52
471,472,H88,C55,2.7239999999999998,0.4658510004228198,176.199454258916,2.377970008960051e-52
472,473,H88,C56,2.168,0.4658510004228198,30.89605925740225,4.716825927709222e-52
473,474,H88,C57,1.101,0.4658510004228198,36.2962278679947,3.601353276482858e-51
474,475,H88,C58,2.182,0.4658510004228198,36.99396908556807,4.626615877860926e-52
475,476,H88,C59,2.821,0.4658510004228198,44.25013432078428,2.141008661450639e-52
476,477,H88,C60,2.633,0.4658510004228198,27.966506968365593,2.633147002172904e-52
477,478,H89,C57,2.123,-0.3827554059244669,36.2962278679947,5.023167963108233e-52
478,479,H89,C58,1.103,-0.3827554059244669,36.99396908556807,3.5817984598861806e-51
479,480,H89,C59,2.146,-0.3827554059244669,44.25013432078428,4.863383643236417e-52
480,481,H89,C60,2.758,-0.3827554059244669,27.966506968365593,2.291104493955157e-52
481,482,H89,C63,2.8819999999999997,-0.3827554059244669,47.18735176913413,2.0079169841967595e-52
482,483,H89,C76,2.158,-0.3827554059244669,18.375217460928496,4.782702439547784e-52
483,484,H89,C77,2.6639999999999997,-0.3827554059244669,9.02166730707009,2.5422896020853267e-52
484,485,H90,C56,2.7689999999999997,0.7043654827034125,30.89605925740225,2.263908215379188e-52
485,486,H90,C57,2.827,0.7043654827034125,36.2962278679947,2.1274053997853733e-52
486,487,H90,C58,2.156,0.7043654827034125,36.99396908556807,4.7960247228194395e-52
487,488,H90,C59,1.1,0.7043654827034125,44.25013432078428,3.611184080735899e-51
488,489,H90,C60,2.1719999999999997,0.7043654827034125,27.966506968365593,4.690814078779572e-52
489,490,H90,C61,2.975,0.7043654827034125,21.848995140168654,1.8254366782802507e-52
490,491,H90,C62,2.662,0.7043654827034125,50.06488947927498,2.548024087750789e-52
491,492,H90,C63,2.134,0.7043654827034125,47.18735176913413,4.9458898213488025e-52
492,493,H90,C64,2.72,0.7043654827034125,75.90078541036087,2.388476488686088e-52
493,494,H90,C76,2.8089999999999997,0.7043654827034125,18.375217460928496,2.168565104802703e-52
494,495,H91,C57,2.866,-0.39798694253665795,36.2962278679947,2.041733828793893e-52
495,496,H91,C58,2.576,-0.39798694253665795,36.99396908556807,2.811836775169166e-52
496,497,H91,C59,2.189,-0.39798694253665795,44.25013432078428,4.582372584540718e-52
497,498,H91,C60,1.101,-0.39798694253665795,27.966506968365593,3.601353276482858e-51
498,499,H91,C61,2.177,-0.39798694253665795,21.848995140168654,4.6585675324802984e-52
499,500,H92,C57,2.987,0.2234174810588989,36.2962278679947,1.8035243692585917e-52
500,501,H92,C59,2.1959999999999997,0.2234174810588989,44.25013432078428,4.538691616106302e-52
501,502,H92,C60,1.099,0.2234174810588989,27.966506968365593,3.621050698458778e-51
502,503,H92,C61,2.188,0.2234174810588989,21.848995140168654,4.588658417114479e-52
503,504,H93,C60,2.1790000000000003,-0.5000933253767776,27.966506968365593,4.645751673010515e-52
504,505,H93,C61,1.102,-0.5000933253767776,21.848995140168654,3.591558123354048e-51
505,506,H93,C62,2.162,-0.5000933253767776,50.06488947927498,4.756205533534075e-52
506,507,H93,C63,2.8539999999999996,-0.5000933253767776,47.18735176913413,2.067596443052209e-52
507,508,H93,C67,2.819,-0.5000933253767776,35.97994876385447,2.1455688487621303e-52
508,509,H93,C77,2.843,-0.5000933253767776,9.02166730707009,2.0916889572985715e-52
509,510,H94,C60,2.19,0.12204411515568835,27.966506968365593,4.576098227697641e-52
510,511,H94,C61,1.0959999999999999,0.12204411515568835,21.848995140168654,3.650867069255682e-51
511,512,H94,C62,2.1790000000000003,0.12204411515568835,50.06488947927498,4.645751673010515e-52
512,513,H94,C68,2.96,0.12204411515568835,32.26475411540898,1.8533291199202024e-52
513,514,H95,C59,2.546,-0.2606678359478849,44.25013432078428,2.9124098067409194e-52
514,515,H95,C60,2.719,-0.2606678359478849,27.966506968365593,2.391112775963422e-52
515,516,H95,C61,2.109,-0.2606678359478849,21.848995140168654,5.1238681235205635e-52
516,517,H95,C62,1.105,-0.2606678359478849,50.06488947927498,3.562384960458159e-51
517,518,H95,C63,2.129,-0.2606678359478849,47.18735176913413,4.980818293197655e-52
518,519,H95,C64,2.637,-0.2606678359478849,75.90078541036087,2.6211827024403207e-52
519,520,H95,C66,2.65,-0.2606678359478849,34.52653878333152,2.5827957368616956e-52
520,521,H95,C67,2.113,-0.2606678359478849,35.97994876385447,5.094824065549074e-52
521,522,H95,C68,2.7119999999999997,-0.2606678359478849,32.26475411540898,2.4096758609863057e-52
522,523,H96,C63,2.173,2.565712778272484,47.18735176913413,4.684341015187126e-52
523,524,H96,C64,1.102,2.565712778272484,75.90078541036087,3.591558123354048e-51
524,525,H96,C65,2.138,2.565712778272484,30.337381992422227,4.918181819719868e-52
525,526,H96,C76,2.7969999999999997,2.565712778272484,18.375217460928496,2.1965964813654383e-52
526,527,H96,C77,2.687,2.565712778272484,9.02166730707009,2.477562867492142e-52
527,528,H97,C63,2.818,0.2980795257170037,47.18735176913413,2.1478537994209237e-52
528,529,H97,C64,2.142,0.2980795257170037,75.90078541036087,4.890680400913738e-52
529,530,H97,C65,1.101,0.2980795257170037,30.337381992422227,3.601353276482858e-51
530,531,H97,C66,2.1719999999999997,0.2980795257170037,34.52653878333152,4.690814078779572e-52
531,532,H97,C67,2.853,0.2980795257170037,35.97994876385447,2.0697713339431733e-52
532,533,H97,C71,2.863,0.2980795257170037,36.98083914803212,2.0481588606125066e-52
533,534,H97,C77,2.742,0.2980795257170037,9.02166730707009,2.331445841023558e-52
534,535,H97,C78,2.8110000000000004,0.2980795257170037,23.7608307563097,2.1639396564417686e-52
535,536,H98,C64,2.119,-0.32416473007405955,75.90078541036087,5.051668139102482e-52
536,537,H98,C65,1.1,-0.32416473007405955,30.337381992422227,3.611184080735899e-51
537,538,H98,C66,2.174,-0.32416473007405955,34.52653878333152,4.6778798560773505e-52
538,539,H98,C71,2.8289999999999997,-0.32416473007405955,36.98083914803212,2.1228965943642758e-52
539,540,H98,C72,2.698,-0.32416473007405955,37.5865817237088,2.447382479736077e-52
540,541,H99,C62,2.67,0.8871513481577615,50.06488947927498,2.5251890568865477e-52
541,542,H99,C64,2.7460000000000004,0.8871513481577615,75.90078541036087,2.3212722735526866e-52
542,543,H99,C65,2.12,0.8871513481577615,30.337381992422227,5.0445229235579984e-52
543,544,H99,C66,1.1,0.8871513481577615,34.52653878333152,3.611184080735899e-51
544,545,H99,C67,2.12,0.8871513481577615,35.97994876385447,5.0445229235579984e-52
545,546,H99,C68,2.6919999999999997,0.8871513481577615,32.26475411540898,2.463783350391073e-52
546,547,H99,C70,2.705,0.8871513481577615,44.98567305189957,2.4284315937037867e-52
547,548,H99,C71,2.145,0.8871513481577615,36.98083914803212,4.870188749959911e-52
548,549,H99,C72,2.784,0.8871513481577615,37.5865817237088,2.2275116796952245e-52
549,550,H99,C73,2.781,0.8871513481577615,30.85060014054684,2.234728234610974e-52
550,551,H99,C75,2.676,0.8871513481577615,34.9282074280743,2.5082415360596536e-52
551,552,H100,C61,2.91,-0.16050836734430265,21.848995140168654,1.9505124006563713e-52
552,553,H100,C62,2.1519999999999997,-0.16050836734430265,50.06488947927498,4.822818095255365e-52
553,554,H100,C63,2.8689999999999998,-0.16050836734430265,47.18735176913413,2.0353356424876665e-52
554,555,H100,C65,2.84,-0.16050836734430265,30.337381992422227,2.0983245535637194e-52
555,556,H100,C66,2.18,-0.16050836734430265,34.52653878333152,4.639361368992009e-52
556,557,H100,C67,1.103,-0.16050836734430265,35.97994876385447,3.5817984598861806e-51
557,558,H100,C68,2.154,-0.16050836734430265,32.26475411540898,4.809396531272141e-52
558,559,H100,C69,2.818,-0.16050836734430265,28.050203880947148,2.1478537994209237e-52
559,560,H100,C71,2.8510000000000004,-0.16050836734430265,36.98083914803212,2.0741302753008344e-52
560,561,H100,C77,2.8169999999999997,-0.16050836734430265,9.02166730707009,2.1501419957479266e-52
561,562,H100,C78,2.792,-0.16050836734430265,23.7608307563097,2.2084188267945357e-52
562,563,H101,C61,2.8089999999999997,0.10703379097022037,21.848995140168654,2.168565104802703e-52
563,564,H101,C62,2.778,0.10703379097022037,50.06488947927498,2.241975996220356e-52
564,565,H101,C67,2.173,0.10703379097022037,35.97994876385447,4.684341015187126e-52
565,566,H101,C68,1.1,0.10703379097022037,32.26475411540898,3.611184080735899e-51
566,567,H101,C69,2.165,0.10703379097022037,28.050203880947148,4.736461163125833e-52
567,568,H102,C62,2.662,-0.3918818768227936,50.06488947927498,2.548024087750789e-52
568,569,H102,C66,2.81,-0.3918818768227936,34.52653878333152,2.166250734555377e-52
569,570,H102,C67,2.153,-0.3918818768227936,35.97994876385447,4.816101079375423e-52
570,571,H102,C68,1.103,-0.3918818768227936,32.26475411540898,3.5817984598861806e-51
571,572,H102,C69,2.1719999999999997,-0.3918818768227936,28.050203880947148,4.690814078779572e-52
572,573,H102,C70,2.858,-0.3918818768227936,44.98567305189957,2.0589272868890944e-52
573,574,H102,C75,2.842,-0.3918818768227936,34.9282074280743,2.093897709975046e-52
574,575,H103,C67,2.839,0.7575132591660747,35.97994876385447,2.100542655445297e-52
575,576,H103,C68,2.158,0.7575132591660747,32.26475411540898,4.782702439547784e-52
576,577,H103,C69,1.102,0.7575132591660747,28.050203880947148,3.591558123354048e-51
577,578,H103,C70,2.17,0.7575132591660747,44.98567305189957,4.703796029207055e-52
578,579,H103,C71,2.8480000000000003,0.7575132591660747,36.98083914803212,2.080691666746117e-52
579,580,H103,C78,2.7739999999999996,0.7575132591660747,23.7608307563097,2.2516885141390204e-52
580,581,H104,C68,2.17,-0.1340483559828698,32.26475411540898,4.703796029207055e-52
581,582,H104,C69,1.103,-0.1340483559828698,28.050203880947148,3.5817984598861806e-51
582,583,H104,C70,2.165,-0.1340483559828698,44.98567305189957,4.736461163125833e-52
583,584,H104,C75,2.7,-0.1340483559828698,34.9282074280743,2.4419478796217455e-52
584,585,H105,C69,2.153,0.40874726461404975,28.050203880947148,4.816101079375423e-52
585,586,H105,C70,1.104,0.40874726461404975,44.98567305189957,3.5720741254926804e-51
586,587,H105,C71,2.1630000000000003,0.40874726461404975,36.98083914803212,4.749611903881632e-52
587,588,H105,C72,2.763,0.40874726461404975,37.5865817237088,2.2786888536194443e-52
588,589,H105,C74,2.793,0.40874726461404975,76.17510555544466,2.206047582730725e-52
589,590,H105,C75,2.15,0.40874726461404975,34.9282074280743,4.836289646405457e-52
590,591,H105,C78,2.645,0.40874726461404975,23.7608307563097,2.597470677646004e-52
591,592,H106,C70,2.7689999999999997,-0.5291990377667446,44.98567305189957,2.263908215379188e-52
592,593,H106,C71,2.1630000000000003,-0.5291990377667446,36.98083914803212,4.749611903881632e-52
593,594,H106,C72,1.105,-0.5291990377667446,37.5865817237088,3.562384960458159e-51
594,595,H106,C73,2.1630000000000003,-0.5291990377667446,30.85060014054684,4.749611903881632e-52
595,596,H106,C74,2.7569999999999997,-0.5291990377667446,76.17510555544466,2.293598439121674e-52
596,597,H106,C78,2.594,-0.5291990377667446,23.7608307563097,2.7537072465957283e-52
597,598,H107,C65,2.73,0.7311214575239156,30.337381992422227,2.362325519750963e-52
598,599,H107,C66,2.827,0.7311214575239156,34.52653878333152,2.1274053997853733e-52
599,600,H107,C71,2.19,0.7311214575239156,36.98083914803212,4.576098227697641e-52
600,601,H107,C72,1.097,0.7311214575239156,37.5865817237088,3.6408920281418455e-51
601,602,H107,C73,2.181,0.7311214575239156,30.85060014054684,4.6329827795526035e-52
602,603,H107,C78,2.715,0.7311214575239156,23.7608307563097,2.401696808335141e-52
603,604,H108,C72,2.182,0.3754755719126592,37.5865817237088,4.626615877860926e-52
604,605,H108,C73,1.101,0.3754755719126592,30.85060014054684,3.601353276482858e-51
605,606,H108,C74,2.173,0.3754755719126592,76.17510555544466,4.684341015187126e-52
606,607,H109,C66,2.8680000000000003,0.20585155510186934,34.52653878333152,2.0374653970856732e-52
607,608,H109,C71,2.885,0.20585155510186934,36.98083914803212,2.00165962968241e-52
608,609,H109,C72,2.19,0.20585155510186934,37.5865817237088,4.576098227697641e-52
609,610,H109,C73,1.1,0.20585155510186934,30.85060014054684,3.611184080735899e-51
610,611,H109,C74,2.15,0.20585155510186934,76.17510555544466,4.836289646405457e-52
611,612,H109,C75,2.784,0.20585155510186934,34.9282074280743,2.2275116796952245e-52
612,613,H110,C70,2.8089999999999997,2.649912115575088,44.98567305189957,2.168565104802703e-52
613,614,H110,C72,2.7560000000000002,2.649912115575088,37.5865817237088,2.2960960052608084e-52
614,615,H110,C73,2.16,2.649912115575088,30.85060014054684,4.7694294523862225e-52
615,616,H110,C74,1.112,2.649912115575088,76.17510555544466,3.4955323115943846e-51
616,617,H110,C75,2.166,2.649912115575088,34.9282074280743,4.729903995857398e-52
617,618,H111,C69,2.738,0.012763975686524986,28.050203880947148,2.3416789464571295e-52
618,619,H111,C70,2.165,0.012763975686524986,44.98567305189957,4.736461163125833e-52
619,620,H111,C74,2.167,0.012763975686524986,76.17510555544466,4.723358926681407e-52
620,621,H111,C75,1.103,0.012763975686524986,34.9282074280743,3.5817984598861806e-51
621,622,H112,C66,2.82,0.7212026859356477,34.52653878333152,2.1432871380188556e-52
622,623,H112,C68,2.801,0.7212026859356477,32.26475411540898,2.187199289934144e-52
623,624,H112,C69,2.785,0.7212026859356477,28.050203880947148,2.225113067180935e-52
624,625,H112,C70,2.1919999999999997,0.7212026859356477,44.98567305189957,4.563583836569602e-52
625,626,H112,C71,2.865,0.7212026859356477,36.98083914803212,2.043872516289986e-52
626,627,H112,C73,2.78,0.7212026859356477,30.85060014054684,2.237140679420407e-52
627,628,H112,C74,2.138,0.7212026859356477,76.17510555544466,4.918181819719868e-52
628,629,H112,C75,1.099,0.7212026859356477,34.9282074280743,3.621050698458778e-51
629,630,H113,C58,2.204,-0.6173663968465384,36.99396908556807,4.48944765419256e-52
630,631,H113,C59,2.983,-0.6173663968465384,44.25013432078428,1.810789312686049e-52
631,632,H113,C76,1.0979999999999999,-0.6173663968465384,18.375217460928496,3.6309532928850414e-51
632,633,H114,C57,2.635,-1.0040612823979238,36.2962278679947,2.627155771248557e-52
633,634,H114,C58,2.201,-1.0040612823979238,36.99396908556807,4.507830265116242e-52
634,635,H114,C76,1.1,-1.0040612823979238,18.375217460928496,3.611184080735899e-51
635,636,H115,C57,2.9989999999999997,-0.2661832100509436,36.2962278679947,1.7819613716948228e-52
636,637,H115,C58,2.211,-0.2661832100509436,36.99396908556807,4.446941895970385e-52
637,638,H115,C59,2.747,-0.2661832100509436,44.25013432078428,2.318738133739901e-52
638,639,H115,C76,1.0959999999999999,-0.2661832100509436,18.375217460928496,3.650867069255682e-51
639,640,H116,C58,2.853,-2.761327438835085,36.99396908556807,2.0697713339431733e-52
640,641,H116,C59,2.8960000000000004,-2.761327438835085,44.25013432078428,1.9789371894851306e-52
641,642,H116,C63,2.178,-2.761327438835085,47.18735176913413,4.652153718513443e-52
642,643,H116,C64,2.735,-2.761327438835085,75.90078541036087,2.3493931095626135e-52
643,644,H116,C77,1.099,-2.761327438835085,9.02166730707009,3.621050698458778e-51
644,645,H117,C59,2.6889999999999996,-1.4289524203360422,44.25013432078428,2.47203876057104e-52
645,646,H117,C60,2.698,-1.4289524203360422,27.966506968365593,2.447382479736077e-52
646,647,H117,C61,2.685,-1.4289524203360422,21.848995140168654,2.483103445838864e-52
647,648,H117,C62,2.858,-1.4289524203360422,50.06488947927498,2.0589272868890944e-52
648,649,H117,C63,2.186,-1.4289524203360422,47.18735176913413,4.601264614519067e-52
649,650,H117,C77,1.0979999999999999,-1.4289524203360422,9.02166730707009,3.6309532928850414e-51
650,651,H118,C62,2.818,-1.271170923423636,50.06488947927498,2.1478537994209237e-52
651,652,H118,C63,2.2030000000000003,-1.271170923423636,47.18735176913413,4.49556406704999e-52
652,653,H118,C64,2.802,-1.271170923423636,75.90078541036087,2.18485837045047e-52
653,654,H118,C65,2.758,-1.271170923423636,30.337381992422227,2.291104493955157e-52
654,655,H118,C67,2.813,-1.271170923423636,35.97994876385447,2.159327353221618e-52
655,656,H118,C77,1.097,-1.271170923423636,9.02166730707009,3.6408920281418455e-51
656,657,H119,C65,2.888,-0.4031478513729958,30.337381992422227,1.9954282482523395e-52
657,658,H119,C66,2.8810000000000002,-0.4031478513729958,34.52653878333152,2.0100085642206053e-52
658,659,H119,C71,2.18,-0.4031478513729958,36.98083914803212,4.639361368992009e-52
659,660,H119,C72,2.655,-0.4031478513729958,37.5865817237088,2.5682311336519178e-52
660,661,H119,C78,1.099,-0.4031478513729958,23.7608307563097,3.621050698458778e-51
661,662,H120,C66,2.7880000000000003,0.4243834596218044,34.52653878333152,2.217937860389571e-52
662,663,H120,C67,2.759,0.4243834596218044,35.97994876385447,2.2886141632015308e-52
663,664,H120,C69,2.835,0.4243834596218044,28.050203880947148,2.1094463920714793e-52
664,665,H120,C70,2.87,0.4243834596218044,44.98567305189957,2.0332088551545586e-52
665,666,H120,C71,2.204,0.4243834596218044,36.98083914803212,4.48944765419256e-52
666,667,H120,C78,1.0959999999999999,0.4243834596218044,23.7608307563097,3.650867069255682e-51
667,668,H121,C70,2.694,-1.2919154841825249,44.98567305189957,2.458300155037672e-52
668,669,H121,C71,2.167,-1.2919154841825249,36.98083914803212,4.723358926681407e-52
669,670,H121,C72,2.7319999999999998,-1.2919154841825249,37.5865817237088,2.3571411934684815e-52
670,671,H121,C78,1.1,-1.2919154841825249,23.7608307563097,3.611184080735899e-51
671,672,H163,C55,1.93,12.546535727175074,176.199454258916,6.685836558897062e-52
672,673,H165,C74,1.984,5.984402082969152,76.17510555544466,6.154640342781142e-52
673,674,H165,C75,2.5469999999999997,5.984402082969152,34.9282074280743,2.9089807531606584e-52
674,675,H167,C64,2.013,7.421172920997418,75.90078541036087,5.892456132706001e-52
675,676,H167,C65,2.96,7.421172920997418,30.337381992422227,1.8533291199202024e-52
676,677,H122,C79,2.105,0.4024283268837969,180.99270229932202,5.153133363562116e-52
677,678,H122,C80,1.102,0.4024283268837969,25.701418479243326,3.591558123354048e-51
678,679,H122,C81,2.171,0.4024283268837969,33.75790948540123,4.697299074284364e-52
679,680,H122,C82,2.8369999999999997,0.4024283268837969,35.51406599469479,2.1049882468934335e-52
680,682,H123,C79,2.123,0.9423974864085558,180.99270229932202,5.023167963108233e-52
681,683,H123,C80,1.0959999999999999,0.9423974864085558,25.701418479243326,3.650867069255682e-51
682,684,H123,C81,2.193,0.9423974864085558,33.75790948540123,4.557343750146489e-52
683,685,H123,C82,2.8989999999999996,0.9423974864085558,35.51406599469479,1.9727998972740482e-52
684,686,H123,C83,2.83,0.9423974864085558,44.407611584149784,2.120646969054119e-52
685,687,H124,C79,2.678,-0.20365263689866708,180.99270229932202,2.5026260720213822e-52
686,688,H124,C80,2.1519999999999997,-0.20365263689866708,25.701418479243326,4.822818095255365e-52
687,689,H124,C81,1.101,-0.20365263689866708,33.75790948540123,3.601353276482858e-51
688,690,H124,C82,2.145,-0.20365263689866708,35.51406599469479,4.870188749959911e-52
689,692,H125,C79,2.725,0.3332797007789452,180.99270229932202,2.3753530209239085e-52
690,693,H125,C80,2.1519999999999997,0.3332797007789452,25.701418479243326,4.822818095255365e-52
691,694,H125,C81,1.1,0.3332797007789452,33.75790948540123,3.611184080735899e-51
692,695,H125,C82,2.164,0.3332797007789452,35.51406599469479,4.743030456452709e-52
693,696,H125,C83,2.773,0.3332797007789452,44.407611584149784,2.254125406259027e-52
694,697,H125,C84,2.605,0.3332797007789452,26.683784678076023,2.7189705259523997e-52
695,698,H126,C81,2.109,-0.5534435244944973,33.75790948540123,5.1238681235205635e-52
696,699,H126,C82,1.104,-0.5534435244944973,35.51406599469479,3.5720741254926804e-51
697,700,H126,C83,2.142,-0.5534435244944973,44.407611584149784,4.890680400913738e-52
698,701,H126,C84,2.784,-0.5534435244944973,26.683784678076023,2.2275116796952245e-52
699,702,H126,C87,2.9019999999999997,-0.5534435244944973,48.316652510477,1.966687957021981e-52
700,703,H126,C100,2.674,-0.5534435244944973,12.096449007876599,2.5138738128566703e-52
701,705,H127,C80,2.7769999999999997,0.5748242172746814,25.701418479243326,2.2443988807330052e-52
702,706,H127,C81,2.782,0.5748242172746814,33.75790948540123,2.232319257202978e-52
703,707,H127,C82,2.146,0.5748242172746814,35.51406599469479,4.863383643236417e-52
704,708,H127,C83,1.102,0.5748242172746814,44.407611584149784,3.591558123354048e-51
705,709,H127,C84,2.173,0.5748242172746814,26.683784678076023,4.684341015187126e-52
706,710,H127,C85,2.99,0.5748242172746814,23.625885083291077,1.7981011455916548e-52
707,711,H127,C86,2.668,0.5748242172746814,49.31300722567941,2.530872150908751e-52
708,712,H127,C87,2.135,0.5748242172746814,48.316652510477,4.938943347896341e-52
709,713,H127,C88,2.716,0.5748242172746814,75.64084987981762,2.3990449534312148e-52
710,715,H128,C81,2.984,0.13357686508490474,33.75790948540123,1.808969424065814e-52
711,716,H128,C83,2.2030000000000003,0.13357686508490474,44.407611584149784,4.49556406704999e-52
712,717,H128,C84,1.099,0.13357686508490474,26.683784678076023,3.621050698458778e-51
713,718,H128,C85,2.195,0.13357686508490474,23.625885083291077,4.5448976657707695e-52
714,719,H129,C81,2.875,-1.4872148363146316,33.75790948540123,2.0226192470348114e-52
715,720,H129,C82,2.616,-1.4872148363146316,35.51406599469479,2.684815607055561e-52
716,721,H129,C83,2.2,-1.4872148363146316,44.407611584149784,4.513980100919874e-52
717,722,H129,C84,1.1,-1.4872148363146316,26.683784678076023,3.611184080735899e-51
718,723,H129,C85,2.185,-1.4872148363146316,23.625885083291077,4.607585032062826e-52
719,724,H130,C84,2.201,0.16772114632378174,26.683784678076023,4.507830265116242e-52
720,725,H130,C85,1.0959999999999999,0.16772114632378174,23.625885083291077,3.650867069255682e-51
721,726,H130,C86,2.193,0.16772114632378174,49.31300722567941,4.557343750146489e-52
722,727,H130,C92,2.968,0.16772114632378174,31.18578144722721,1.838382989634839e-52
723,728,H131,C84,2.184,-0.798702360922249,26.683784678076023,4.613917030763598e-52
724,729,H131,C85,1.101,-0.798702360922249,23.625885083291077,3.601353276482858e-51
725,730,H131,C86,2.1719999999999997,-0.798702360922249,49.31300722567941,4.690814078779572e-52
726,731,H131,C87,2.858,-0.798702360922249,48.316652510477,2.0589272868890944e-52
727,732,H131,C91,2.825,-0.798702360922249,36.32996622699568,2.131926982545579e-52
728,733,H131,C100,2.861,-0.798702360922249,12.096449007876599,2.0524571988981657e-52
729,734,H132,C83,2.5639999999999996,-0.31082905471687994,44.407611584149784,2.8515016036430637e-52
730,735,H132,C84,2.727,-0.31082905471687994,26.683784678076023,2.3701305537136682e-52
731,736,H132,C85,2.115,-0.31082905471687994,23.625885083291077,5.080384327155803e-52
732,737,H132,C86,1.1059999999999999,-0.31082905471687994,49.31300722567941,3.552730805932883e-51
733,738,H132,C87,2.119,-0.31082905471687994,48.316652510477,5.051668139102482e-52
734,739,H132,C88,2.625,-0.31082905471687994,75.64084987981762,2.6572949334491473e-52
735,740,H132,C90,2.642,-0.31082905471687994,35.11236870801,2.6063290391438567e-52
736,741,H132,C91,2.115,-0.31082905471687994,36.32996622699568,5.080384327155803e-52
737,742,H132,C92,2.7319999999999998,-0.31082905471687994,31.18578144722721,2.3571411934684815e-52
738,743,H133,C87,2.162,2.8828516968732174,48.316652510477,4.756205533534075e-52
739,744,H133,C88,1.102,2.8828516968732174,75.64084987981762,3.591558123354048e-51
740,745,H133,C89,2.157,2.8828516968732174,33.580110745497336,4.789357404882784e-52
741,746,H133,C100,2.673,2.8828516968732174,12.096449007876599,2.516696275706505e-52
742,748,H134,C88,2.149,-0.30883624346702376,75.64084987981762,4.843044239908381e-52
743,749,H134,C89,1.099,-0.30883624346702376,33.580110745497336,3.621050698458778e-51
744,750,H134,C90,2.19,-0.30883624346702376,35.11236870801,4.576098227697641e-52
745,751,H134,C95,2.8310000000000004,-0.30883624346702376,37.14398553195613,2.1184005211805108e-52
746,752,H134,C96,2.728,-0.30883624346702376,35.33740058848005,2.3675250604838048e-52
747,753,H135,C87,2.81,0.3790777271286636,48.316652510477,2.166250734555377e-52
748,754,H135,C88,2.175,0.3790777271286636,75.64084987981762,4.6714305740962e-52
749,755,H135,C89,1.1,0.3790777271286636,33.580110745497336,3.611184080735899e-51
750,756,H135,C90,2.182,0.3790777271286636,35.11236870801,4.626615877860926e-52
751,757,H135,C91,2.8169999999999997,0.3790777271286636,36.32996622699568,2.1501419957479266e-52
752,758,H135,C95,2.875,0.3790777271286636,37.14398553195613,2.0226192470348114e-52
753,759,H135,C100,2.715,0.3790777271286636,12.096449007876599,2.401696808335141e-52
754,760,H135,C101,2.7710000000000004,0.3790777271286636,24.24397787419443,2.2590097499711283e-52
755,761,H136,C86,2.6639999999999997,0.8348472578840607,49.31300722567941,2.5422896020853267e-52
756,762,H136,C88,2.745,0.8348472578840607,75.64084987981762,2.3238101074464255e-52
757,763,H136,C89,2.135,0.8348472578840607,33.580110745497336,4.938943347896341e-52
758,764,H136,C90,1.099,0.8348472578840607,35.11236870801,3.621050698458778e-51
759,765,H136,C91,2.117,0.8348472578840607,36.32996622699568,5.065999104015592e-52
760,766,H136,C92,2.702,0.8348472578840607,31.18578144722721,2.4365293581986377e-52
761,767,H136,C94,2.7060000000000004,0.8348472578840607,45.252055474174696,2.4257403140148503e-52
762,768,H136,C95,2.161,0.8348472578840607,37.14398553195613,4.76281137360962e-52
763,769,H136,C96,2.784,0.8348472578840607,35.33740058848005,2.2275116796952245e-52
764,770,H136,C97,2.747,0.8348472578840607,28.489236818310676,2.318738133739901e-52
765,771,H136,C99,2.6889999999999996,0.8348472578840607,34.83634843274277,2.47203876057104e-52
766,772,H137,C85,2.9139999999999997,-0.13991453383096086,23.625885083291077,1.9424911122993225e-52
767,773,H137,C86,2.151,-0.13991453383096086,49.31300722567941,4.829547607906783e-52
768,774,H137,C87,2.861,-0.13991453383096086,48.316652510477,2.0524571988981657e-52
769,775,H137,C89,2.806,-0.13991453383096086,33.580110745497336,2.175528027051199e-52
770,776,H137,C90,2.167,-0.13991453383096086,35.11236870801,4.723358926681407e-52
771,777,H137,C91,1.104,-0.13991453383096086,36.32996622699568,3.5720741254926804e-51
772,778,H137,C92,2.156,-0.13991453383096086,31.18578144722721,4.7960247228194395e-52
773,779,H137,C93,2.839,-0.13991453383096086,29.55970008409463,2.100542655445297e-52
774,780,H137,C95,2.8569999999999998,-0.13991453383096086,37.14398553195613,2.061090025459155e-52
775,781,H137,C100,2.823,-0.13991453383096086,12.096449007876599,2.136461387938523e-52
776,782,H137,C101,2.785,-0.13991453383096086,24.24397787419443,2.225113067180935e-52
777,783,H138,C86,2.6860000000000004,-0.3450983734670423,49.31300722567941,2.4803310939038837e-52
778,784,H138,C90,2.795,-0.3450983734670423,35.11236870801,2.2013152691877365e-52
779,785,H138,C91,2.157,-0.3450983734670423,36.32996622699568,4.789357404882784e-52
780,786,H138,C92,1.103,-0.3450983734670423,31.18578144722721,3.5817984598861806e-51
781,787,H138,C93,2.17,-0.3450983734670423,29.55970008409463,4.703796029207055e-52
782,788,H138,C94,2.835,-0.3450983734670423,45.252055474174696,2.1094463920714793e-52
783,789,H138,C99,2.8139999999999996,-0.3450983734670423,34.83634843274277,2.1570261164491927e-52
784,790,H139,C85,2.799,0.13005463603106193,23.625885083291077,2.191891170974955e-52
785,791,H139,C86,2.786,0.13005463603106193,49.31300722567941,2.222717897238956e-52
786,792,H139,C91,2.174,0.13005463603106193,36.32996622699568,4.6778798560773505e-52
787,793,H139,C92,1.1,0.13005463603106193,31.18578144722721,3.611184080735899e-51
788,794,H139,C93,2.169,0.13005463603106193,29.55970008409463,4.7103049711293266e-52
789,795,H140,C92,2.173,-0.00719092307511815,31.18578144722721,4.684341015187126e-52
790,796,H140,C93,1.101,-0.00719092307511815,29.55970008409463,3.601353276482858e-51
791,797,H140,C94,2.1919999999999997,-0.00719092307511815,45.252055474174696,4.563583836569602e-52
792,798,H140,C99,2.705,-0.00719092307511815,34.83634843274277,2.4284315937037867e-52
793,799,H141,C91,2.8739999999999997,0.6322337126446023,36.32996622699568,2.0247312753157983e-52
794,800,H141,C92,2.17,0.6322337126446023,31.18578144722721,4.703796029207055e-52
795,801,H141,C93,1.101,0.6322337126446023,29.55970008409463,3.601353276482858e-51
796,802,H141,C94,2.193,0.6322337126446023,45.252055474174696,4.557343750146489e-52
797,803,H141,C95,2.863,0.6322337126446023,37.14398553195613,2.0481588606125066e-52
798,804,H141,C101,2.7969999999999997,0.6322337126446023,24.24397787419443,2.1965964813654383e-52
799,805,H142,C93,2.171,0.007036619443869796,29.55970008409463,4.697299074284364e-52
800,806,H142,C94,1.1079999999999999,0.007036619443869796,45.252055474174696,3.533526897306698e-51
801,807,H142,C95,2.1390000000000002,0.007036619443869796,37.14398553195613,4.911287173313422e-52
802,808,H142,C96,2.702,0.007036619443869796,35.33740058848005,2.4365293581986377e-52
803,809,H142,C98,2.762,0.007036619443869796,76.5915332386367,2.281164792034274e-52
804,810,H142,C99,2.14,0.007036619443869796,34.83634843274277,4.904405408074943e-52
805,811,H142,C101,2.667,0.007036619443869796,24.24397787419443,2.533720093797335e-52
806,812,H143,C94,2.719,-0.18565601487555128,45.252055474174696,2.391112775963422e-52
807,813,H143,C95,2.149,-0.18565601487555128,37.14398553195613,4.843044239908381e-52
808,814,H143,C96,1.104,-0.18565601487555128,35.33740058848005,3.5720741254926804e-51
809,815,H143,C97,2.147,-0.18565601487555128,28.489236818310676,4.856591208962632e-52
810,816,H143,C98,2.714,-0.18565601487555128,76.5915332386367,2.404352573087357e-52
811,817,H143,C101,2.62,-0.18565601487555128,24.24397787419443,2.6725375059658852e-52
812,818,H144,C89,2.761,0.5941255607517633,33.580110745497336,2.2836443187652557e-52
813,819,H144,C90,2.85,0.5941255607517633,35.11236870801,2.0763143364854967e-52
814,820,H144,C95,2.176,0.5941255607517633,37.14398553195613,4.664993141965015e-52
815,821,H144,C96,1.099,0.5941255607517633,35.33740058848005,3.621050698458778e-51
816,822,H144,C97,2.1590000000000003,0.5941255607517633,28.489236818310676,4.7760597982204575e-52
817,823,H144,C101,2.701,0.5941255607517633,24.24397787419443,2.4392366127936404e-52
818,824,H145,C96,2.1630000000000003,0.3618160456460515,35.33740058848005,4.749611903881632e-52
819,825,H145,C97,1.101,0.3618160456460515,28.489236818310676,3.601353276482858e-51
820,826,H145,C98,2.157,0.3618160456460515,76.5915332386367,4.789357404882784e-52
821,827,H146,C90,2.8160000000000003,0.11269738794988983,35.11236870801,2.1524334435080876e-52
822,828,H146,C95,2.843,0.11269738794988983,37.14398553195613,2.0916889572985715e-52
823,829,H146,C96,2.174,0.11269738794988983,35.33740058848005,4.6778798560773505e-52
824,830,H146,C97,1.1,0.11269738794988983,28.489236818310676,3.611184080735899e-51
825,831,H146,C98,2.141,0.11269738794988983,76.5915332386367,4.897536493936346e-52
826,832,H146,C99,2.761,0.11269738794988983,34.83634843274277,2.2836443187652557e-52
827,833,H147,C94,2.7969999999999997,2.570754888075566,45.252055474174696,2.1965964813654383e-52
828,834,H147,C96,2.718,2.570754888075566,35.33740058848005,2.3937529444140775e-52
829,835,H147,C97,2.146,2.570754888075566,28.489236818310676,4.863383643236417e-52
830,836,H147,C98,1.111,2.570754888075566,76.5915332386367,3.504979691115412e-51
831,837,H147,C99,2.161,2.570754888075566,34.83634843274277,4.76281137360962e-52
832,838,H148,C93,2.736,0.08342541340782006,29.55970008409463,2.346817962064951e-52
833,839,H148,C94,2.162,0.08342541340782006,45.252055474174696,4.756205533534075e-52
834,840,H148,C98,2.166,0.08342541340782006,76.5915332386367,4.729903995857398e-52
835,841,H148,C99,1.103,0.08342541340782006,34.83634843274277,3.5817984598861806e-51
836,842,H149,C90,2.8280000000000003,0.7287663563681406,35.11236870801,2.1251494027307817e-52
837,843,H149,C92,2.793,0.7287663563681406,31.18578144722721,2.206047582730725e-52
838,844,H149,C93,2.802,0.7287663563681406,29.55970008409463,2.18485837045047e-52
839,845,H149,C94,2.191,0.7287663563681406,45.252055474174696,4.569835320408858e-52
840,846,H149,C95,2.88,0.7287663563681406,37.14398553195613,2.012103050225438e-52
841,847,H149,C97,2.767,0.7287663563681406,28.489236818310676,2.2688208535562158e-52
842,848,H149,C98,2.131,0.7287663563681406,76.5915332386367,4.96680756079336e-52
843,849,H149,C99,1.099,0.7287663563681406,34.83634843274277,3.621050698458778e-51
844,850,H150,C82,2.952,-1.046933546543034,35.51406599469479,1.868437707149171e-52
845,851,H150,C83,2.9589999999999996,-1.046933546543034,44.407611584149784,1.8552087639149113e-52
846,852,H150,C87,2.193,-1.046933546543034,48.316652510477,4.557343750146489e-52
847,853,H150,C88,2.6710000000000003,-1.046933546543034,75.64084987981762,2.5223538897971442e-52
848,854,H150,C100,1.0979999999999999,-1.046933546543034,12.096449007876599,3.6309532928850414e-51
849,855,H151,C82,2.965,-1.6967897745798446,35.51406599469479,1.843968889570273e-52
850,856,H151,C83,2.641,-1.6967897745798446,44.407611584149784,2.609290776405198e-52
851,857,H151,C84,2.7089999999999996,-1.6967897745798446,26.683784678076023,2.417690297426813e-52
852,858,H151,C85,2.783,-1.6967897745798446,23.625885083291077,2.2299137409690476e-52
853,859,H151,C86,2.9410000000000003,-1.6967897745798446,49.31300722567941,1.8894813481807167e-52
854,860,H151,C87,2.205,-1.6967897745798446,48.316652510477,4.4833423318370495e-52
855,861,H151,C100,1.0979999999999999,-1.6967897745798446,12.096449007876599,3.6309532928850414e-51
856,862,H152,C86,2.778,-0.8809015193485017,49.31300722567941,2.241975996220356e-52
857,863,H152,C87,2.222,-0.8809015193485017,48.316652510477,4.381224613894265e-52
858,864,H152,C88,2.873,-0.8809015193485017,75.64084987981762,2.0268462451400534e-52
859,865,H152,C89,2.82,-0.8809015193485017,33.580110745497336,2.1432871380188556e-52
860,866,H152,C91,2.784,-0.8809015193485017,36.32996622699568,2.2275116796952245e-52
861,867,H152,C100,1.097,-0.8809015193485017,12.096449007876599,3.6408920281418455e-51
862,868,H153,C89,2.8080000000000003,-0.28708488335653826,33.580110745497336,2.170882773047893e-52
863,869,H153,C90,2.861,-0.28708488335653826,35.11236870801,2.0524571988981657e-52
864,870,H153,C95,2.184,-0.28708488335653826,37.14398553195613,4.613917030763598e-52
865,871,H153,C96,2.679,-0.28708488335653826,35.33740058848005,2.4998246251860105e-52
866,872,H153,C101,1.0979999999999999,-0.28708488335653826,24.24397787419443,3.6309532928850414e-51
867,873,H154,C94,2.736,-1.2174204724548474,45.252055474174696,2.346817962064951e-52
868,874,H154,C95,2.174,-1.2174204724548474,37.14398553195613,4.6778798560773505e-52
869,875,H154,C96,2.721,-1.2174204724548474,35.33740058848005,2.385844075452812e-52
870,876,H154,C101,1.1,-1.2174204724548474,24.24397787419443,3.611184080735899e-51
871,877,H155,C90,2.7969999999999997,0.3885303217860674,35.11236870801,2.1965964813654383e-52
872,878,H155,C91,2.767,0.3885303217860674,36.32996622699568,2.2688208535562158e-52
873,879,H155,C93,2.844,0.3885303217860674,29.55970008409463,2.0894833100736942e-52
874,880,H155,C94,2.8789999999999996,0.3885303217860674,45.252055474174696,2.0142004472598663e-52
875,881,H155,C95,2.215,0.3885303217860674,37.14398553195613,4.422893591851963e-52
876,882,H155,C101,1.095,0.3885303217860674,24.24397787419443,3.6608785821581126e-51
877,883,H160,C82,2.198,-0.035161770923025415,35.51406599469479,4.526313373073473e-52
878,884,H160,C83,2.906,-0.035161770923025415,44.407611584149784,1.9585779138277147e-52
879,885,H160,C87,2.991,-0.035161770923025415,48.316652510477,1.796298236823321e-52
880,886,H160,C88,2.8569999999999998,-0.035161770923025415,75.64084987981762,2.061090025459155e-52
881,888,H161,C80,2.957,-0.1603877782729235,25.701418479243326,1.8589756841137513e-52
882,889,H161,C81,2.9019999999999997,-0.1603877782729235,33.75790948540123,1.966687957021981e-52
883,890,H161,C82,2.206,-0.1603877782729235,35.51406599469479,4.477248074857726e-52
884,891,H161,C83,2.822,-0.1603877782729235,44.407611584149784,2.138733413329224e-52
885,893,H162,C81,2.6910000000000003,-0.7958057438205977,33.75790948540123,2.4665310639117346e-52
886,894,H162,C82,2.186,-0.7958057438205977,35.51406599469479,4.601264614519067e-52
887,896,H164,C88,2.002,7.643547087086656,75.64084987981762,5.990119180435389e-52
888,897,H164,C89,2.997,7.643547087086656,33.580110745497336,1.7855312431655515e-52
889,898,H166,C79,1.955,12.690765518509474,180.99270229932202,6.4326126063339965e-52
890,899,H168,C98,1.9980000000000002,6.02821041020238,76.5915332386367,6.026167945683734e-52
891,900,H168,C99,2.539,6.02821041020238,34.83634843274277,2.9365647418093216e-52
892,901,H156,C102,2.117,5.391818121201457,139.38799648009422,5.065999104015592e-52
893,902,H156,C103,1.095,5.391818121201457,120.32440691048531,3.6608785821581126e-51
894,903,H156,C104,2.01,5.391818121201457,118.13426464390062,5.918879663536584e-52
895,904,H157,C103,2.03,6.051981542748113,120.32440691048531,5.7456553161715294e-52
896,905,H157,C104,1.09,6.051981542748113,118.13426464390062,3.711489095193607e-51
897,906,H157,C105,2.193,6.051981542748113,142.94975008923115,4.557343750146489e-52
898,907,H158,C104,2.218,6.298084138439587,118.13426464390062,4.404971037232039e-52
899,908,H158,C105,1.088,6.298084138439587,142.94975008923115,3.731994513572012e-51
900,909,H158,C106,2.17,6.298084138439587,138.60395610842968,4.703796029207055e-52
901,910,H159,C105,2.193,6.414865508753077,142.94975008923115,4.557343750146489e-52
902,911,H159,C106,1.087,6.414865508753077,138.60395610842968,3.7423038848618804e-51
903,912,H159,C107,2.173,6.414865508753077,138.33844544116658,4.684341015187126e-52
0,1,H10,C11,2.694,0.12096583934266293,30.337059960475532,2.458300155037672e-52
1,2,H23,C14,2.784,0.7309833812647106,32.267535741991225,2.2275116796952245e-52
2,3,H81,C1,2.6460000000000004,5.983718658021483,176.20047944079369,2.5945268124056994e-52
3,4,H3,C20,2.85,0.027974903295262976,76.17709371178096,2.0763143364854967e-52
4,5,H16,C47,2.8960000000000004,-0.1608873574148042,24.240750766997195,1.9789371894851306e-52
5,6,H5,C53,2.903,-0.3840819562187825,138.34762991454463,1.9646562547477348e-52
6,7,H11,C79,2.8760000000000003,-0.2610497304588648,180.99270229932202,2.020510155184924e-52
7,8,H166,C10,2.798,12.690765518509474,75.89640993092077,2.1942421445011867e-52
8,9,H79,C88,2.801,12.545771796407507,75.64084987981762,2.187199289934144e-52
9,10,H132,C1,2.88,-0.31082905471687994,176.20047944079369,2.012103050225438e-52
10,11,H161,C19,2.873,-0.1603877782729235,30.85524495536228,2.0268462451400534e-52
11,12,H164,C20,2.636,7.643547087086656,76.17709371178096,2.6241669708853748e-52
12,13,H31,C97,2.93,-0.2669395626011521,28.489236818310676,1.910842190078994e-52
13,14,H83,C98,2.638,7.420295270605255,76.5915332386367,2.618202957326965e-52
14,15,H46,C35,2.708,0.16750895733977697,33.58194117883383,2.420369673205453e-52
15,16,H60,C38,2.859,0.5952012242196538,31.190186320075327,2.0567675731279146e-52
16,17,H40,C44,2.878,-0.2028069952445435,76.59305910111125,2.0163007603830292e-52
17,18,H84,C25,2.617,6.028976105193377,180.9961576403191,2.681739042488228e-52
18,19,H45,C48,2.861,-1.486045342922008,139.39088605399124,2.0524571988981657e-52
19,20,H45,C53,2.96,-1.486045342922008,138.34762991454463,1.8533291199202024e-52
20,21,H72,C39,2.9939999999999998,5.392318041943593,29.564140444593164,1.7909039514326636e-52
21,22,H72,C40,2.965,5.392318041943593,45.248482761166365,1.843968889570273e-52
22,23,H82,C64,2.798,12.691409398827636,75.90078541036087,2.1942421445011867e-52
23,24,H95,C25,2.8760000000000003,-0.2606678359478849,180.9961576403191,2.020510155184924e-52
24,25,H48,C55,2.88,-0.31010003729278424,176.199454258916,2.012103050225438e-52
25,26,H163,C34,2.801,12.546535727175074,75.63557190831783,2.187199289934144e-52
26,27,H77,C73,2.873,-0.15968052069827365,30.85060014054684,2.0268462451400534e-52
27,28,H80,C74,2.636,7.644194235176852,76.17510555544466,2.6241669708853748e-52
28,29,H115,C43,2.93,-0.2661832100509436,28.49663977651184,1.910842190078994e-52
29,30,H167,C44,2.638,7.421172920997418,76.59305910111125,2.618202957326965e-52
30,31,H107,C68,2.784,0.7311214575239156,32.26475411540898,2.2275116796952245e-52
31,32,H94,C65,2.694,0.12204411515568835,30.337381992422227,2.458300155037672e-52
32,33,H87,C74,2.85,0.029015050728276037,76.17510555544466,2.0763143364854967e-52
33,34,H165,C55,2.6460000000000004,5.984402082969152,176.199454258916,2.5945268124056994e-52
34,35,H100,C101,2.8960000000000004,-0.16050836734430265,24.24397787419443,1.9789371894851306e-52
35,36,H89,C107,2.903,-0.3827554059244669,138.33844544116658,1.9646562547477348e-52
36,37,H144,C92,2.859,0.5941255607517633,31.18578144722721,2.0567675731279146e-52
37,38,H130,C89,2.708,0.16772114632378174,33.580110745497336,2.420369673205453e-52
38,39,H168,C79,2.617,6.02821041020238,180.99270229932202,2.681739042488228e-52
39,40,H124,C98,2.878,-0.20365263689866708,76.5915332386367,2.0163007603830292e-52
40,41,H156,C93,2.9939999999999998,5.391818121201457,29.55970008409463,1.7909039514326636e-52
41,42,H156,C94,2.965,5.391818121201457,45.252055474174696,1.843968889570273e-52
42,43,H129,C102,2.861,-1.4872148363146316,139.38799648009422,2.0524571988981657e-52
43,44,H129,C107,2.96,-1.4872148363146316,138.33844544116658,1.8533291199202024e-52
